Product Name,   Product Link 
 Product Brand: Elmich, 
  Product Name : Nồi cơm áp suất đa năng Elmich PCE-1806  
 
          Product Thumb: , 
  Product Code :   
 ===
          Product Original Price: , 
  Product Discount Price : 1,890,000₫ 
 ===
          Product Thumb: , 
 ===
       Product Brand: Elmich, 
  Product Name : Nồi cơm áp suất đa năng Elmich PCE-1806  
 
          Product Thumb: , 
  Product Code :   
 ===
          Product Original Price: , 
  Product Discount Price : 1,890,000₫ 
 ===
          Product Thumb: , 
 ===
       Product Brand: Elmich, 
  Product Name : Nồi cơm áp suất đa năng Elmich PCE-1806  
 
          Product Thumb: , 
  Product Code :   
 ===
          Product Original Price: , 
  Product Discount Price : 1,890,000₫ 
 ===
          Product Thumb: , 
 ===
       Product Brand: Elmich, 
  Product Name : Nồi cơm áp suất đa năng Elmich PCE-1806  
 
          Product Thumb: , 
  Product Code :   
 ===
          Product Original Price: , 
  Product Discount Price : 1,890,000₫ 
 ===
          Product Thumb: , 
 ===
       Product Brand: Elmich, 
  Product Name : Nồi cơm áp suất đa năng Elmich PCE-1806  
 
          Product Thumb: , 
  Product Code :   
 ===
          Product Original Price: , 
  Product Discount Price : 1,890,000₫ 
 ===
          Product Thumb: , 
 ===
       Product Brand: Elmich, 
  Product Name : Nồi cơm áp suất đa năng Elmich PCE-1806  
 
          Product Thumb: , 
  Product Code :   
 ===
          Product Original Price: , 
  Product Discount Price : 1,890,000₫ 
 ===
          Product Thumb: , 
 ===
       Product Brand: Elmich, 
  Product Name : Nồi cơm áp suất đa năng Elmich PCE-1806  
 
          Product Thumb: , 
  Product Code :   
 ===
          Product Original Price: , 
  Product Discount Price : 1,890,000₫ 
 ===
          Product Thumb: , 
 ===
       Product Brand: Elmich, 
  Product Name : Nồi cơm áp suất đa năng Elmich PCE-1806  
 
          Product Thumb: , 
  Product Code :   
 ===
          Product Original Price: , 
  Product Discount Price : 1,890,000₫ 
 ===
          Product Thumb: , 
 ===
       Product Brand: Elmich, 
  Product Name : Nồi cơm áp suất đa năng Elmich PCE-1806  
 
          Product Thumb: , 
  Product Code :   
 ===
          Product Original Price: , 
  Product Discount Price : 1,890,000₫ 
 ===
          Product Thumb: , 
 ===
       Product Brand: Elmich, 
  Product Name : Nồi cơm áp suất đa năng Elmich PCE-1806  
 
          Product Thumb: , 
  Product Code :   
 ===
          Product Original Price: , 
  Product Discount Price : 1,890,000₫ 
 ===
          Product Thumb: , 
 ===
       Product Brand: Elmich, 
  Product Name : Nồi cơm áp suất đa năng Elmich PCE-1806  
 
          Product Thumb: , 
  Product Code :   
 ===
          Product Original Price: , 
  Product Discount Price : 1,890,000₫ 
 ===
          Product Thumb: , 
 ===
       Product Brand: Elmich, 
  Product Name : Nồi cơm áp suất đa năng Elmich PCE-1806  
 
          Product Thumb: , 
  Product Code :   
 ===
          Product Original Price: , 
  Product Discount Price : 1,890,000₫ 
 ===
          Product Thumb: , 
 ===
       Product Brand: Elmich, 
  Product Name : Nồi cơm áp suất đa năng Elmich PCE-1806  
 
          Product Thumb: , 
  Product Code :   
 ===
          Product Original Price: , 
  Product Discount Price : 1,890,000₫ 
 ===
          Product Thumb: , 
 ===
       Product Brand: Elmich, 
  Product Name : Nồi cơm áp suất đa năng Elmich PCE-1806  
 
          Product Thumb: , 
  Product Code :   
 ===
          Product Original Price: , 
  Product Discount Price : 1,890,000₫ 
 ===
          Product Thumb: , 
 ===
       Product Brand: Elmich, 
  Product Name : Nồi cơm áp suất đa năng Elmich PCE-1806  
 
          Product Thumb: , 
  Product Code :   
 ===
          Product Original Price: , 
  Product Discount Price : 1,890,000₫ 
 ===
          Product Thumb: , 
 ===
       Product Brand: Elmich, 
  Product Name : Nồi cơm áp suất đa năng Elmich PCE-1806  
 
          Product Thumb: , 
  Product Code :   
 ===
          Product Original Price: , 
  Product Discount Price : 1,890,000₫ 
 ===
          Product Thumb: , 
 ===
       Product Brand: Elmich, 
  Product Name : Nồi cơm áp suất đa năng Elmich PCE-1806  
 
          Product Thumb: , 
  Product Code :   
 ===
          Product Original Price: , 
  Product Discount Price : 1,890,000₫ 
 ===
          Product Thumb: , 
 ===
       Product Brand: Elmich, 
  Product Name : Nồi cơm áp suất đa năng Elmich PCE-1806  
 
          Product Thumb: , 
  Product Code :   
 ===
          Product Original Price: , 
  Product Discount Price : 1,890,000₫ 
 ===
          Product Thumb: , 
 ===
       Product Brand: Elmich, 
  Product Name : Nồi cơm áp suất đa năng Elmich PCE-1806  
 
          Product Thumb: , 
  Product Code :   
 ===
          Product Original Price: , 
  Product Discount Price : 1,890,000₫ 
 ===
          Product Thumb: , 
 ===
       Product Brand: Elmich, 
  Product Name : Nồi cơm áp suất đa năng Elmich PCE-1806  
 
          Product Thumb: , 
  Product Code :   
 ===
          Product Original Price: , 
  Product Discount Price : 1,890,000₫ 
 ===
          Product Thumb: , 
 ===
       Product Brand: Elmich, 
  Product Name : Nồi cơm áp suất đa năng Elmich PCE-1806  
 
          Product Thumb: , 
  Product Code :   
 ===
          Product Original Price: , 
  Product Discount Price : 1,890,000₫ 
 ===
          Product Thumb: , 
 ===
       Product Brand: Elmich, 
  Product Name : Nồi cơm áp suất đa năng Elmich PCE-1806  
 
          Product Thumb: , 
  Product Code :   
 ===
          Product Original Price: , 
  Product Discount Price : 1,890,000₫ 
 ===
          Product Thumb: , 
 ===
       Product Brand: Elmich, 
  Product Name : Nồi cơm áp suất đa năng Elmich PCE-1806  
 
          Product Thumb: , 
  Product Code :   
 ===
          Product Original Price: , 
  Product Discount Price : 1,890,000₫ 
 ===
          Product Thumb: , 
 ===
       Product Brand: Elmich, 
  Product Name : Nồi cơm áp suất đa năng Elmich PCE-1806  
 
          Product Thumb: , 
  Product Code :   
 ===
          Product Original Price: , 
  Product Discount Price : 1,890,000₫ 
 ===
          Product Thumb: , 
 ===
       Product Brand: Elmich, 
  Product Name : Nồi cơm áp suất đa năng Elmich PCE-1806  
 
          Product Thumb: , 
  Product Code :   
 ===
          Product Original Price: , 
  Product Discount Price : 1,890,000₫ 
 ===
          Product Thumb: , 
 ===
       Product Brand: Elmich, 
  Product Name : Nồi cơm áp suất đa năng Elmich PCE-1806  
 
          Product Thumb: , 
  Product Code :   
 ===
          Product Original Price: , 
  Product Discount Price : 1,890,000₫ 
 ===
          Product Thumb: , 
 ===
       Product Brand: Elmich, 
  Product Name : Nồi cơm áp suất đa năng Elmich PCE-1806  
 
          Product Thumb: , 
  Product Code :   
 ===
          Product Original Price: , 
  Product Discount Price : 1,890,000₫ 
 ===
          Product Thumb: , 
 ===
       Product Brand: Elmich, 
  Product Name : Nồi cơm áp suất đa năng Elmich PCE-1806  
 
          Product Thumb: , 
  Product Code :   
 ===
          Product Original Price: , 
  Product Discount Price : 1,890,000₫ 
 ===
          Product Thumb: , 
 ===
       Product Brand: Elmich, 
  Product Name : Nồi cơm áp suất đa năng Elmich PCE-1806  
 
          Product Thumb: , 
  Product Code :   
 ===
          Product Original Price: , 
  Product Discount Price : 1,890,000₫ 
 ===
          Product Thumb: , 
 ===
       Product Brand: Elmich, 
  Product Name : Nồi cơm áp suất đa năng Elmich PCE-1806  
 
          Product Thumb: , 
  Product Code :   
 ===
          Product Original Price: , 
  Product Discount Price : 1,890,000₫ 
 ===
          Product Thumb: , 
 ===
       Product Brand: Elmich, 
  Product Name : Nồi cơm áp suất đa năng Elmich PCE-1806  
 
          Product Thumb: , 
  Product Code :   
 ===
          Product Original Price: , 
  Product Discount Price : 1,890,000₫ 
 ===
          Product Thumb: , 
 ===
       Product Brand: Elmich, 
  Product Name : Nồi cơm áp suất đa năng Elmich PCE-1806  
 
          Product Thumb: , 
  Product Code :   
 ===
          Product Original Price: , 
  Product Discount Price : 1,890,000₫ 
 ===
          Product Thumb: , 
 ===
       Product Brand: Elmich, 
  Product Name : Nồi cơm áp suất đa năng Elmich PCE-1806  
 
          Product Thumb: , 
  Product Code :   
 ===
          Product Original Price: , 
  Product Discount Price : 1,890,000₫ 
 ===
          Product Thumb: , 
 ===
       Product Brand: Elmich, 
  Product Name : Nồi cơm áp suất đa năng Elmich PCE-1806  
 
          Product Thumb: , 
  Product Code :   
 ===
          Product Original Price: , 
  Product Discount Price : 1,890,000₫ 
 ===
          Product Thumb: , 
 ===
       Product Brand: Elmich, 
  Product Name : Nồi cơm áp suất đa năng Elmich PCE-1806  
 
          Product Thumb: , 
  Product Code :   
 ===
          Product Original Price: , 
  Product Discount Price : 1,890,000₫ 
 ===
          Product Thumb: , 
 ===
       Product Brand: Elmich, 
  Product Name : Nồi cơm áp suất đa năng Elmich PCE-1806  
 
          Product Thumb: , 
  Product Code :   
 ===
          Product Original Price: , 
  Product Discount Price : 1,890,000₫ 
 ===
          Product Thumb: , 
 ===
       Product Brand: Elmich, 
  Product Name : Nồi cơm áp suất đa năng Elmich PCE-1806  
 
          Product Thumb: , 
  Product Code :   
 ===
          Product Original Price: , 
  Product Discount Price : 1,890,000₫ 
 ===
          Product Thumb: , 
 ===
       Product Brand: Elmich, 
  Product Name : Nồi cơm áp suất đa năng Elmich PCE-1806  
 
          Product Thumb: , 
  Product Code :   
 ===
          Product Original Price: , 
  Product Discount Price : 1,890,000₫ 
 ===
          Product Thumb: , 
 ===
       Product Brand: Elmich, 
  Product Name : Nồi cơm áp suất đa năng Elmich PCE-1806  
 
          Product Thumb: , 
  Product Code :   
 ===
          Product Original Price: , 
  Product Discount Price : 1,890,000₫ 
 ===
          Product Thumb: , 
 ===
       Product Brand: Elmich, 
  Product Name : Nồi cơm áp suất đa năng Elmich PCE-1806  
 
          Product Thumb: , 
  Product Code :   
 ===
          Product Original Price: , 
  Product Discount Price : 1,890,000₫ 
 ===
          Product Thumb: , 
 ===
       Product Brand: Elmich, 
  Product Name : Nồi cơm áp suất đa năng Elmich PCE-1806  
 
          Product Thumb: , 
  Product Code :   
 ===
          Product Original Price: , 
  Product Discount Price : 1,890,000₫ 
 ===
          Product Thumb: , 
 ===
       Product Brand: Elmich, 
  Product Name : Nồi cơm áp suất đa năng Elmich PCE-1806  
 
          Product Thumb: , 
  Product Code :   
 ===
          Product Original Price: , 
  Product Discount Price : 1,890,000₫ 
 ===
          Product Thumb: , 
 ===
       Product Brand: Elmich, 
  Product Name : Nồi cơm áp suất đa năng Elmich PCE-1806  
 
          Product Thumb: , 
  Product Code :   
 ===
          Product Original Price: , 
  Product Discount Price : 1,890,000₫ 
 ===
          Product Thumb: , 
 ===
       Product Brand: Elmich, 
  Product Name : Nồi cơm áp suất đa năng Elmich PCE-1806  
 
          Product Thumb: , 
  Product Code :   
 ===
          Product Original Price: , 
  Product Discount Price : 1,890,000₫ 
 ===
          Product Thumb: , 
 ===
       Product Brand: Elmich, 
  Product Name : Nồi cơm áp suất đa năng Elmich PCE-1806  
 
          Product Thumb: , 
  Product Code :   
 ===
          Product Original Price: , 
  Product Discount Price : 1,890,000₫ 
 ===
          Product Thumb: , 
 ===
       Product Brand: Elmich, 
  Product Name : Nồi cơm áp suất đa năng Elmich PCE-1806  
 
          Product Thumb: , 
  Product Code :   
 ===
          Product Original Price: , 
  Product Discount Price : 1,890,000₫ 
 ===
          Product Thumb: , 
 ===
       Product Brand: Elmich, 
  Product Name : Nồi cơm áp suất đa năng Elmich PCE-1806  
 
          Product Thumb: , 
  Product Code :   
 ===
          Product Original Price: , 
  Product Discount Price : 1,890,000₫ 
 ===
          Product Thumb: , 
 ===
       Product Brand: Elmich, 
  Product Name : Nồi cơm áp suất đa năng Elmich PCE-1806  
 
          Product Thumb: , 
  Product Code :   
 ===
          Product Original Price: , 
  Product Discount Price : 1,890,000₫ 
 ===
          Product Thumb: , 
 ===
       Product Brand: Elmich, 
  Product Name : Nồi cơm áp suất đa năng Elmich PCE-1806  
 
          Product Thumb: , 
  Product Code :   
 ===
          Product Original Price: , 
  Product Discount Price : 1,890,000₫ 
 ===
          Product Thumb: , 
 ===
       Product Brand: Elmich, 
  Product Name : Nồi cơm áp suất đa năng Elmich PCE-1806  
 
          Product Thumb: , 
  Product Code :   
 ===
          Product Original Price: , 
  Product Discount Price : 1,890,000₫ 
 ===
          Product Thumb: , 
 ===
       Product Brand: Elmich, 
  Product Name : Nồi cơm áp suất đa năng Elmich PCE-1806  
 
          Product Thumb: , 
  Product Code :   
 ===
          Product Original Price: , 
  Product Discount Price : 1,890,000₫ 
 ===
          Product Thumb: , 
 ===
       Product Brand: Elmich, 
  Product Name : Nồi cơm áp suất đa năng Elmich PCE-1806  
 
          Product Thumb: , 
  Product Code :   
 ===
          Product Original Price: , 
  Product Discount Price : 1,890,000₫ 
 ===
          Product Thumb: , 
 ===
       Product Brand: Elmich, 
  Product Name : Nồi cơm áp suất đa năng Elmich PCE-1806  
 
          Product Thumb: , 
  Product Code :   
 ===
          Product Original Price: , 
  Product Discount Price : 1,890,000₫ 
 ===
          Product Thumb: , 
 ===
       Product Brand: Elmich, 
  Product Name : Nồi cơm áp suất đa năng Elmich PCE-1806  
 
          Product Thumb: , 
  Product Code :   
 ===
          Product Original Price: , 
  Product Discount Price : 1,890,000₫ 
 ===
          Product Thumb: , 
 ===
       Product Brand: Elmich, 
  Product Name : Nồi cơm áp suất đa năng Elmich PCE-1806  
 
          Product Thumb: , 
  Product Code :   
 ===
          Product Original Price: , 
  Product Discount Price : 1,890,000₫ 
 ===
          Product Thumb: , 
 ===
       Product Brand: Elmich, 
  Product Name : Nồi cơm áp suất đa năng Elmich PCE-1806  
 
          Product Thumb: , 
  Product Code :   
 ===
          Product Original Price: , 
  Product Discount Price : 1,890,000₫ 
 ===
          Product Thumb: , 
 ===
       Product Brand: Elmich, 
  Product Name : Nồi cơm áp suất đa năng Elmich PCE-1806  
 
          Product Thumb: , 
  Product Code :   
 ===
          Product Original Price: , 
  Product Discount Price : 1,890,000₫ 
 ===
          Product Thumb: , 
 ===
       Product Brand: Elmich, 
  Product Name : Nồi cơm áp suất đa năng Elmich PCE-1806  
 
          Product Thumb: , 
  Product Code :   
 ===
          Product Original Price: , 
  Product Discount Price : 1,890,000₫ 
 ===
          Product Thumb: , 
 ===
       Product Brand: Elmich, 
  Product Name : Nồi cơm áp suất đa năng Elmich PCE-1806  
 
          Product Thumb: , 
  Product Code :   
 ===
          Product Original Price: , 
  Product Discount Price : 1,890,000₫ 
 ===
          Product Thumb: , 
 ===
       Product Brand: Elmich, 
  Product Name : Nồi cơm áp suất đa năng Elmich PCE-1806  
 
          Product Thumb: , 
  Product Code :   
 ===
          Product Original Price: , 
  Product Discount Price : 1,890,000₫ 
 ===
          Product Thumb: , 
 ===
       Product Brand: Elmich, 
  Product Name : Nồi cơm áp suất đa năng Elmich PCE-1806  
 
          Product Thumb: , 
  Product Code :   
 ===
          Product Original Price: , 
  Product Discount Price : 1,890,000₫ 
 ===
          Product Thumb: , 
 ===
       Product Brand: Elmich, 
  Product Name : Nồi cơm áp suất đa năng Elmich PCE-1806  
 
          Product Thumb: , 
  Product Code :   
 ===
          Product Original Price: , 
  Product Discount Price : 1,890,000₫ 
 ===
          Product Thumb: , 
 ===
       Product Brand: Elmich, 
  Product Name : Nồi cơm áp suất đa năng Elmich PCE-1806  
 
          Product Thumb: , 
  Product Code :   
 ===
          Product Original Price: , 
  Product Discount Price : 1,890,000₫ 
 ===
          Product Thumb: , 
 ===
       Product Brand: Elmich, 
  Product Name : Nồi cơm áp suất đa năng Elmich PCE-1806  
 
          Product Thumb: , 
  Product Code :   
 ===
          Product Original Price: , 
  Product Discount Price : 1,890,000₫ 
 ===
          Product Thumb: , 
 ===
       Product Brand: Elmich, 
  Product Name : Nồi cơm áp suất đa năng Elmich PCE-1806  
 
          Product Thumb: , 
  Product Code :   
 ===
          Product Original Price: , 
  Product Discount Price : 1,890,000₫ 
 ===
          Product Thumb: , 
 ===
       Product Brand: Elmich, 
  Product Name : Nồi cơm áp suất đa năng Elmich PCE-1806  
 
          Product Thumb: , 
  Product Code :   
 ===
          Product Original Price: , 
  Product Discount Price : 1,890,000₫ 
 ===
          Product Thumb: , 
 ===
       Product Brand: Elmich, 
  Product Name : Nồi cơm áp suất đa năng Elmich PCE-1806  
 
          Product Thumb: , 
  Product Code :   
 ===
          Product Original Price: , 
  Product Discount Price : 1,890,000₫ 
 ===
          Product Thumb: , 
 ===
       Product Brand: Elmich, 
  Product Name : Nồi cơm áp suất đa năng Elmich PCE-1806  
 
          Product Thumb: , 
  Product Code :   
 ===
          Product Original Price: , 
  Product Discount Price : 1,890,000₫ 
 ===
          Product Thumb: , 
 ===
       Product Brand: Elmich, 
  Product Name : Nồi cơm áp suất đa năng Elmich PCE-1806  
 
          Product Thumb: , 
  Product Code :   
 ===
          Product Original Price: , 
  Product Discount Price : 1,890,000₫ 
 ===
          Product Thumb: , 
 ===
       Product Brand: Elmich, 
  Product Name : Nồi cơm áp suất đa năng Elmich PCE-1806  
 
          Product Thumb: , 
  Product Code :   
 ===
          Product Original Price: , 
  Product Discount Price : 1,890,000₫ 
 ===
          Product Thumb: , 
 ===
       Product Brand: Elmich, 
  Product Name : Nồi cơm áp suất đa năng Elmich PCE-1806  
 
          Product Thumb: , 
  Product Code :   
 ===
          Product Original Price: , 
  Product Discount Price : 1,890,000₫ 
 ===
          Product Thumb: , 
 ===
       Product Brand: Elmich, 
  Product Name : Nồi cơm áp suất đa năng Elmich PCE-1806  
 
          Product Thumb: , 
  Product Code :   
 ===
          Product Original Price: , 
  Product Discount Price : 1,890,000₫ 
 ===
          Product Thumb: , 
 ===
       Product Brand: Elmich, 
  Product Name : Nồi cơm áp suất đa năng Elmich PCE-1806  
 
          Product Thumb: , 
  Product Code :   
 ===
          Product Original Price: , 
  Product Discount Price : 1,890,000₫ 
 ===
          Product Thumb: , 
 ===
       Product Brand: Elmich, 
  Product Name : Nồi cơm áp suất đa năng Elmich PCE-1806  
 
          Product Thumb: , 
  Product Code :   
 ===
          Product Original Price: , 
  Product Discount Price : 1,890,000₫ 
 ===
          Product Thumb: , 
 ===
       Product Brand: Elmich, 
  Product Name : Nồi cơm áp suất đa năng Elmich PCE-1806  
 
          Product Thumb: , 
  Product Code :   
 ===
          Product Original Price: , 
  Product Discount Price : 1,890,000₫ 
 ===
          Product Thumb: , 
 ===
       Product Brand: Elmich, 
  Product Name : Nồi cơm áp suất đa năng Elmich PCE-1806  
 
          Product Thumb: , 
  Product Code :   
 ===
          Product Original Price: , 
  Product Discount Price : 1,890,000₫ 
 ===
          Product Thumb: , 
 ===
       Product Brand: Elmich, 
  Product Name : Nồi cơm áp suất đa năng Elmich PCE-1806  
 
          Product Thumb: , 
  Product Code :   
 ===
          Product Original Price: , 
  Product Discount Price : 1,890,000₫ 
 ===
          Product Thumb: , 
 ===
       Product Brand: Elmich, 
  Product Name : Nồi cơm áp suất đa năng Elmich PCE-1806  
 
          Product Thumb: , 
  Product Code :   
 ===
          Product Original Price: , 
  Product Discount Price : 1,890,000₫ 
 ===
          Product Thumb: , 
 ===
       Product Brand: Elmich, 
  Product Name : Nồi cơm áp suất đa năng Elmich PCE-1806  
 
          Product Thumb: , 
  Product Code :   
 ===
          Product Original Price: , 
  Product Discount Price : 1,890,000₫ 
 ===
          Product Thumb: , 
 ===
       Product Brand: Elmich, 
  Product Name : Nồi cơm áp suất đa năng Elmich PCE-1806  
 
          Product Thumb: , 
  Product Code :   
 ===
          Product Original Price: , 
  Product Discount Price : 1,890,000₫ 
 ===
          Product Thumb: , 
 ===
       Product Brand: Elmich, 
  Product Name : Nồi cơm áp suất đa năng Elmich PCE-1806  
 
          Product Thumb: , 
  Product Code :   
 ===
          Product Original Price: , 
  Product Discount Price : 1,890,000₫ 
 ===
          Product Thumb: , 
 ===
       Product Brand: Elmich, 
  Product Name : Nồi cơm áp suất đa năng Elmich PCE-1806  
 
          Product Thumb: , 
  Product Code :   
 ===
          Product Original Price: , 
  Product Discount Price : 1,890,000₫ 
 ===
          Product Thumb: , 
 ===
       Product Brand: Elmich, 
  Product Name : Nồi cơm áp suất đa năng Elmich PCE-1806  
 
          Product Thumb: , 
  Product Code :   
 ===
          Product Original Price: , 
  Product Discount Price : 1,890,000₫ 
 ===
          Product Thumb: , 
 ===
       Product Brand: Elmich, 
  Product Name : Nồi cơm áp suất đa năng Elmich PCE-1806  
 
          Product Thumb: , 
  Product Code :   
 ===
          Product Original Price: , 
  Product Discount Price : 1,890,000₫ 
 ===
          Product Thumb: , 
 ===
       Product Brand: Elmich, 
  Product Name : Nồi cơm áp suất đa năng Elmich PCE-1806  
 
          Product Thumb: , 
  Product Code :   
 ===
          Product Original Price: , 
  Product Discount Price : 1,890,000₫ 
 ===
          Product Thumb: , 
 ===
       Product Brand: Elmich, 
  Product Name : Nồi cơm áp suất đa năng Elmich PCE-1806  
 
          Product Thumb: , 
  Product Code :   
 ===
          Product Original Price: , 
  Product Discount Price : 1,890,000₫ 
 ===
          Product Thumb: , 
 ===
       Product Brand: Elmich, 
  Product Name : Nồi cơm áp suất đa năng Elmich PCE-1806  
 
          Product Thumb: , 
  Product Code :   
 ===
          Product Original Price: , 
  Product Discount Price : 1,890,000₫ 
 ===
          Product Thumb: , 
 ===
       Product Brand: Elmich, 
  Product Name : Nồi cơm áp suất đa năng Elmich PCE-1806  
 
          Product Thumb: , 
  Product Code :   
 ===
          Product Original Price: , 
  Product Discount Price : 1,890,000₫ 
 ===
          Product Thumb: , 
 ===
       Product Brand: Elmich, 
  Product Name : Nồi cơm áp suất đa năng Elmich PCE-1806  
 
          Product Thumb: , 
  Product Code :   
 ===
          Product Original Price: , 
  Product Discount Price : 1,890,000₫ 
 ===
          Product Thumb: , 
 ===
       Product Brand: Elmich, 
  Product Name : Nồi cơm áp suất đa năng Elmich PCE-1806  
 
          Product Thumb: , 
  Product Code :   
 ===
          Product Original Price: , 
  Product Discount Price : 1,890,000₫ 
 ===
          Product Thumb: , 
 ===
       Product Brand: Elmich, 
  Product Name : Nồi cơm áp suất đa năng Elmich PCE-1806  
 
          Product Thumb: , 
  Product Code :   
 ===
          Product Original Price: , 
  Product Discount Price : 1,890,000₫ 
 ===
          Product Thumb: , 
 ===
       Product Brand: Elmich, 
  Product Name : Nồi cơm áp suất đa năng Elmich PCE-1806  
 
          Product Thumb: , 
  Product Code :   
 ===
          Product Original Price: , 
  Product Discount Price : 1,890,000₫ 
 ===
          Product Thumb: , 
 ===
       Product Brand: Elmich, 
  Product Name : Nồi cơm áp suất đa năng Elmich PCE-1806  
 
          Product Thumb: , 
  Product Code :   
 ===
          Product Original Price: , 
  Product Discount Price : 1,890,000₫ 
 ===
          Product Thumb: , 
 ===
       Product Brand: Elmich, 
  Product Name : Nồi cơm áp suất đa năng Elmich PCE-1806  
 
          Product Thumb: , 
  Product Code :   
 ===
          Product Original Price: , 
  Product Discount Price : 1,890,000₫ 
 ===
          Product Thumb: , 
 ===
       Product Brand: Elmich, 
  Product Name : Nồi cơm áp suất đa năng Elmich PCE-1806  
 
          Product Thumb: , 
  Product Code :   
 ===
          Product Original Price: , 
  Product Discount Price : 1,890,000₫ 
 ===
          Product Thumb: , 
 ===
       Product Brand: Elmich, 
  Product Name : Nồi cơm áp suất đa năng Elmich PCE-1806  
 
          Product Thumb: , 
  Product Code :   
 ===
          Product Original Price: , 
  Product Discount Price : 1,890,000₫ 
 ===
          Product Thumb: , 
 ===
       Product Brand: Elmich, 
  Product Name : Nồi cơm áp suất đa năng Elmich PCE-1806  
 
          Product Thumb: , 
  Product Code :   
 ===
          Product Original Price: , 
  Product Discount Price : 1,890,000₫ 
 ===
          Product Thumb: , 
 ===
       Product Brand: Elmich, 
  Product Name : Nồi cơm áp suất đa năng Elmich PCE-1806  
 
          Product Thumb: , 
  Product Code :   
 ===
          Product Original Price: , 
  Product Discount Price : 1,890,000₫ 
 ===
          Product Thumb: , 
 ===
       Product Brand: Elmich, 
  Product Name : Nồi cơm áp suất đa năng Elmich PCE-1806  
 
          Product Thumb: , 
  Product Code :   
 ===
          Product Original Price: , 
  Product Discount Price : 1,890,000₫ 
 ===
          Product Thumb: , 
 ===
       Product Brand: Elmich, 
  Product Name : Nồi cơm áp suất đa năng Elmich PCE-1806  
 
          Product Thumb: , 
  Product Code :   
 ===
          Product Original Price: , 
  Product Discount Price : 1,890,000₫ 
 ===
          Product Thumb: , 
 ===
       Product Brand: Elmich, 
  Product Name : Nồi cơm áp suất đa năng Elmich PCE-1806  
 
          Product Thumb: , 
  Product Code :   
 ===
          Product Original Price: , 
  Product Discount Price : 1,890,000₫ 
 ===
          Product Thumb: , 
 ===
       Product Brand: Elmich, 
  Product Name : Nồi cơm áp suất đa năng Elmich PCE-1806  
 
          Product Thumb: , 
  Product Code :   
 ===
          Product Original Price: , 
  Product Discount Price : 1,890,000₫ 
 ===
          Product Thumb: , 
 ===
       Product Brand: Elmich, 
  Product Name : Nồi cơm áp suất đa năng Elmich PCE-1806  
 
          Product Thumb: , 
  Product Code :   
 ===
          Product Original Price: , 
  Product Discount Price : 1,890,000₫ 
 ===
          Product Thumb: , 
 ===
       Product Brand: Elmich, 
  Product Name : Nồi cơm áp suất đa năng Elmich PCE-1806  
 
          Product Thumb: , 
  Product Code :   
 ===
          Product Original Price: , 
  Product Discount Price : 1,890,000₫ 
 ===
          Product Thumb: , 
 ===
       Product Brand: Elmich, 
  Product Name : Nồi cơm áp suất đa năng Elmich PCE-1806  
 
          Product Thumb: , 
  Product Code :   
 ===
          Product Original Price: , 
  Product Discount Price : 1,890,000₫ 
 ===
          Product Thumb: , 
 ===
       Product Brand: Elmich, 
  Product Name : Nồi cơm áp suất đa năng Elmich PCE-1806  
 
          Product Thumb: , 
  Product Code :   
 ===
          Product Original Price: , 
  Product Discount Price : 1,890,000₫ 
 ===
          Product Thumb: , 
 ===
       Product Brand: Elmich, 
  Product Name : Nồi cơm áp suất đa năng Elmich PCE-1806  
 
          Product Thumb: , 
  Product Code :   
 ===
          Product Original Price: , 
  Product Discount Price : 1,890,000₫ 
 ===
          Product Thumb: , 
 ===
       Product Brand: Elmich, 
  Product Name : Nồi cơm áp suất đa năng Elmich PCE-1806  
 
          Product Thumb: , 
  Product Code :   
 ===
          Product Original Price: , 
  Product Discount Price : 1,890,000₫ 
 ===
          Product Thumb: , 
 ===
       Product Brand: Elmich, 
  Product Name : Nồi cơm áp suất đa năng Elmich PCE-1806  
 
          Product Thumb: , 
  Product Code :   
 ===
          Product Original Price: , 
  Product Discount Price : 1,890,000₫ 
 ===
          Product Thumb: , 
 ===
       Product Brand: Elmich, 
  Product Name : Nồi cơm áp suất đa năng Elmich PCE-1806  
 
          Product Thumb: , 
  Product Code :   
 ===
          Product Original Price: , 
  Product Discount Price : 1,890,000₫ 
 ===
          Product Thumb: , 
 ===
       Product Brand: Elmich, 
  Product Name : Nồi cơm áp suất đa năng Elmich PCE-1806  
 
          Product Thumb: , 
  Product Code :   
 ===
          Product Original Price: , 
  Product Discount Price : 1,890,000₫ 
 ===
          Product Thumb: , 
 ===
       Product Brand: Elmich, 
  Product Name : Nồi cơm áp suất đa năng Elmich PCE-1806  
 
          Product Thumb: , 
  Product Code :   
 ===
          Product Original Price: , 
  Product Discount Price : 1,890,000₫ 
 ===
          Product Thumb: , 
 ===
       Product Brand: Elmich, 
  Product Name : Nồi cơm áp suất đa năng Elmich PCE-1806  
 
          Product Thumb: , 
  Product Code :   
 ===
          Product Original Price: , 
  Product Discount Price : 1,890,000₫ 
 ===
          Product Thumb: , 
 ===
       Product Brand: Elmich, 
  Product Name : Nồi cơm áp suất đa năng Elmich PCE-1806  
 
          Product Thumb: , 
  Product Code :   
 ===
          Product Original Price: , 
  Product Discount Price : 1,890,000₫ 
 ===
          Product Thumb: , 
 ===
       Product Brand: Elmich, 
  Product Name : Nồi cơm áp suất đa năng Elmich PCE-1806  
 
          Product Thumb: , 
  Product Code :   
 ===
          Product Original Price: , 
  Product Discount Price : 1,890,000₫ 
 ===
          Product Thumb: , 
 ===
       Product Brand: Elmich, 
  Product Name : Nồi cơm áp suất đa năng Elmich PCE-1806  
 
          Product Thumb: , 
  Product Code :   
 ===
          Product Original Price: , 
  Product Discount Price : 1,890,000₫ 
 ===
          Product Thumb: , 
 ===
       Product Brand: Elmich, 
  Product Name : Nồi cơm áp suất đa năng Elmich PCE-1806  
 
          Product Thumb: , 
  Product Code :   
 ===
          Product Original Price: , 
  Product Discount Price : 1,890,000₫ 
 ===
          Product Thumb: , 
 ===
       Product Brand: Elmich, 
  Product Name : Nồi cơm áp suất đa năng Elmich PCE-1806  
 
          Product Thumb: , 
  Product Code :   
 ===
          Product Original Price: , 
  Product Discount Price : 1,890,000₫ 
 ===
          Product Thumb: , 
 ===
       Product Brand: Elmich, 
  Product Name : Nồi cơm áp suất đa năng Elmich PCE-1806  
 
          Product Thumb: , 
  Product Code :   
 ===
          Product Original Price: , 
  Product Discount Price : 1,890,000₫ 
 ===
          Product Thumb: , 
 ===
       Product Brand: Elmich, 
  Product Name : Nồi cơm áp suất đa năng Elmich PCE-1806  
 
          Product Thumb: , 
  Product Code :   
 ===
          Product Original Price: , 
  Product Discount Price : 1,890,000₫ 
 ===
          Product Thumb: , 
 ===
       Product Brand: Elmich, 
  Product Name : Nồi cơm áp suất đa năng Elmich PCE-1806  
 
          Product Thumb: , 
  Product Code :   
 ===
          Product Original Price: , 
  Product Discount Price : 1,890,000₫ 
 ===
          Product Thumb: , 
 ===
      